face_id,ethnicity,r_mid,r_jaw_adj,z_r_mid,z_r_jaw_adj,skeletal_group,type_code
F001,Asian American,0.1419118715,-0.7507541906,-0.1853148197,-0.1933542708,high,5
F002,Latina,0.2141455231,-0.5878915622,0.05151537635,-1.177698825,high,5
F003,White,0.03015973561,-0.5957582521,-0.94622937,-1.092970371,low,6
F004,White,-0.3243047046,-0.2218389002,-3.1043366,0.710769432,low,9
F005,White,0.5344934389,-0.4763702288,2.124335934,-0.5170576007,high,1
F006,Asian American,0.1128493546,-0.4847838893,-0.3631517388,0.8836799611,high,5
F007,Black,0.4314426562,-0.8379885964,-0.5133979239,-1.345435049,low,6
F008,White,0.3330570418,-0.3663546628,0.8979185679,0.0136436166,high,4
F009,White,0.06585024211,-0.7752077129,-0.7289327067,-1.958611941,low,6
F010,Asian American,-0.1261518233,-0.6724554983,-1.825627731,0.1237126031,low,9
F011,Latina,-0.1736265489,-0.1715846373,-2.052609469,0.9692484913,low,9
F012,Latina,0.4513638476,-0.2663641317,1.338707018,0.4804586851,high,1
F013,Black,0.5952904683,-0.9101543959,-0.02938886285,-1.604218806,low,6
F014,White,-0.05114496575,-0.3574475838,-1.441241687,0.05661024233,low,9
F015,Black,0.484819766,-0.7648179379,-0.3557210867,-1.083047907,low,6
F016,White,0.2125233311,-0.6146683351,0.1640659076,-1.184190227,high,5
F017,Latina,0.1738422866,-0.2760741468,-0.1671776329,0.4303829126,high,5
F018,Asian American,-0.01748621808,-0.6526824744,-1.16069026,0.2037825336,low,8
F019,White,0.1484809943,-0.7387310512,-0.2258469147,-1.782653124,low,6
F020,White,-0.01797901882,-0.2813343497,-1.239315452,0.4237708859,low,8
F021,Latina,0.104350016,-0.7414679623,-0.5442558794,-1.96971169,low,6
F022,Black,0.9051907024,-0.3553301371,0.8860613918,0.3853594587,high,4
F023,Black,0.5078889049,-0.04784508883,-0.2875744811,1.487988911,high,5
F024,Black,0.3383827124,-0.3838530057,-0.7882984881,0.2830775588,low,6
F025,Latina,0.3624908631,-0.2448741827,0.8564653404,0.5912850627,high,4
F026,White,0.2038536206,-0.4001951658,0.1112815859,-0.1495987025,high,5
F027,Asian American,0.1042621687,-0.6991150843,-0.4156977279,0.01575586296,high,5
F028,White,0.1865049726,-0.5868988339,0.00565676602,-1.050233654,high,5
F029,White,0.01319220264,-0.1643951174,-1.049533824,0.9878709968,low,8
F030,Latina,0.20410498,-0.2225501521,-0.002966515803,0.7064129037,high,5
F031,Black,1.214394156,-0.4895596494,1.799453344,-0.09598236428,high,1
F032,Latina,0.167220801,-0.2117279493,-0.2031070701,0.7622243684,high,5
F033,Black,0.5336059279,-0.2766260921,-0.2116059831,0.6675891102,high,5
F034,Asian American,0.2824232694,-0.2971781791,0.6744907595,1.643380465,high,4
F035,White,-0.05646040165,-0.1543729695,-1.473603976,1.036216575,low,8
F036,White,0.1733724453,-0.406372902,-0.07429879197,-0.1793993231,high,5
F037,Black,1.206590862,-0.6392574929,1.776402291,-0.6327930227,high,1
F038,Latina,-0.02841122411,-0.2403573115,-1.264643561,0.6145791369,low,8
F039,White,0.0637600771,-0.5534747119,-0.7416583844,-0.8889999046,low,6
F040,Black,0.3058529191,-0.7154266371,-0.8843920186,-0.9059326182,low,6
F041,White,0.2326577767,-0.5586422475,0.2866516668,-0.9139274444,high,5
F042,White,0.6478978973,-0.4618070292,2.814783137,-0.4468065626,high,1
F043,Black,0.3372561831,-0.4906465096,-0.7916262739,-0.09987980275,low,6
F044,White,-0.03551867892,-0.7027885969,-1.346103223,-1.609271257,low,9
F045,White,0.1837157835,-0.5088948177,-0.01132482194,-0.6739521163,high,5
F046,Black,0.3046889626,-0.4644786599,-0.8878303646,-0.006042909123,low,6
F047,White,0.1900943311,-0.5064228368,0.02751007394,-0.6620275923,high,5
F048,Black,0.03531428933,-0.6849687175,-1.683567464,-0.7967117003,low,9
F049,Black,0.4667945484,-0.09787911274,-0.4089678683,1.308568843,high,5
F050,Black,0.2385809374,0.2912110672,-1.08311453,2.703831131,low,8
F051,Asian American,0.3749415063,-0.895574786,1.240620607,-0.7797984635,high,2
F052,White,0.1719990466,-0.4475117178,-0.08266053832,-0.3778477828,high,5
F053,Latina,-0.1510703726,-0.2224598361,-1.930215375,0.7068786747,low,9
F054,Black,0.4295933324,-0.7122067451,-0.5188608561,-0.8943862105,low,6
F055,Latina,-0.08089592976,-0.4193557013,-1.549435533,-0.3085381348,low,9
F056,Latina,0.2051983866,-0.4639421723,0.002966515803,-0.5384761891,high,5
F057,Asian American,-0.03859549993,-1.161905074,-1.28986041,-1.858290446,low,9
F058,Black,0.6066849893,-0.3794987519,0.004270734644,0.2986917439,high,5
F059,Latina,-0.04557756798,-0.3979979055,-1.3577914,-0.1983932884,low,9
F060,Asian American,0.006128555699,-0.8396996093,-1.016188714,-0.5535345623,low,8
F061,Latina,-0.06458558872,-0.2529175636,-1.460932527,0.5498043325,low,8
F062,Black,0.5088056041,-0.329981291,-0.2848665367,0.4762594371,high,5
F063,Black,1.060145964,-0.702021435,1.343801717,-0.8578620838,high,2
F064,White,0.2540415345,-0.6183025042,0.416843689,-1.201721,high,5
F065,White,0.1826129812,-0.3769660953,-0.01803908016,-0.03754459571,high,5
F066,Black,0.4566189782,-0.04417948621,-0.4390266654,1.50113362,high,5
F067,Asian American,0.1831459701,-0.7530598216,0.06700142331,-0.2026908151,high,5
F068,White,0.3220225793,-0.3150737963,0.8307367841,0.2610160501,high,4
F069,Black,0.2712348041,-0.7625389322,-0.9866544847,-1.074875481,low,6
F070,Black,0.4511822378,-0.7002020943,-0.4550868836,-0.8513379987,low,6
F071,White,0.3106897721,-0.3094338738,0.7617385705,0.2882223249,high,4
F072,Latina,0.01412602866,-0.5783548736,-1.033828355,-1.128516919,low,9
F073,White,0.007225425205,-0.1852493965,-1.085861715,0.8872725838,low,8
F074,Latina,0.1932794476,-0.2935218797,-0.06170790899,0.3404027534,high,5
F075,Latina,0.1705244952,-0.2262133787,-0.1851805982,0.6875211823,high,5
F076,Black,0.6733149739,-0.4300970736,0.2010967763,0.1172481256,high,5
F077,Black,0.6037935123,-0.3379743359,-0.004270734644,0.4475966886,high,5
F078,Latina,-0.1299769318,-0.01245391481,-1.815758363,1.789905697,low,8
F079,White,0.07217146817,-0.8293331931,-0.6904468048,-2.219706432,low,6
F080,White,0.2083471205,-0.4488050831,0.1386396325,-0.3840868138,high,5
F081,White,0.2193165671,-0.4377239037,0.2054255756,-0.3306326019,high,5
F082,Black,0.5804723509,-0.4318655528,-0.07316181909,0.1109064275,high,5
F083,Asian American,0.1079789563,-0.6258849539,-0.3929542722,0.3122978331,high,5
F084,White,0.2937387621,-0.2640546047,0.6585347141,0.5071261971,high,4
F085,White,-0.001778573374,-0.3720113681,-1.140681303,-0.0136436166,low,9
F086,Black,0.6101111157,-0.3040475948,0.01439156693,0.5692566658,high,5
F087,Asian American,0.123459835,-0.7562919734,-0.298224976,-0.2157792618,high,5
F088,Black,0.3648873411,-0.5328770417,-0.7100033906,-0.2513168521,low,6
F089,Latina,0.2095246226,-0.3592458104,0.0264414933,0.001456153554,high,5
F090,Asian American,-0.202556377,-0.4493191705,-2.293156078,1.027292672,low,9
F091,Black,0.2222851414,0.02072106765,-1.131252572,1.733864488,low,8
F092,Latina,0.4515242624,-0.3598105256,1.33957746,-0.001456153554,high,1
F093,White,-0.05081437524,-0.04405298526,-1.439228933,1.568386267,low,8
F094,White,0.2079589633,-0.5326586488,0.1362763919,-0.7885858409,high,5
F095,Asian American,-0.004926247186,-0.5632806904,-1.083834338,0.5658108551,low,8
F096,White,-0.03623257803,-0.1605855947,-1.350449697,1.006247654,low,8
F097,Asian American,-0.03172507969,-0.7432794538,-1.24781951,-0.1630856752,low,8
F098,Black,0.4693841734,-0.1578458608,-0.4013180743,1.093530411,high,5
F099,White,-0.07634459918,-0.4323195922,-1.594666135,-0.3045628845,low,9
F100,Black,0.6316164927,-0.4818914709,0.07791879506,-0.06848457366,high,5
F101,Black,0.510649589,-0.1530102247,-0.2794193758,1.110870814,high,5
F102,Black,0.3905218924,-0.5605169047,-0.6342785156,-0.3504323285,low,6
F103,Latina,-0.02088737165,-0.0834771117,-1.223817709,1.423630113,low,8
F104,Latina,0.2961533543,-1.022517574,0.4965054297,-3.419119984,low,6
F105,Asian American,-0.05649637878,-0.3278144199,-1.399397969,1.519320448,low,8
F106,Black,0.2396409237,0.1671120697,-1.079983313,2.258816941,low,8
F107,White,0.04329573434,-0.5801280146,-0.8662526767,-1.017572076,low,6
F108,White,-0.01841401219,-0.5247979945,-1.241963848,-0.7506670359,low,9
F109,Black,1.192166946,-0.6091027897,1.733793812,-0.5246594269,high,1
F110,Asian American,0.962155843,-0.9739376912,4.833853399,-1.097125364,high,1
F111,White,0.2424582463,-0.604875013,0.3463204572,-1.136948475,high,5
F112,White,0.04131090645,-0.6533017493,-0.878337024,-1.370552945,low,6
F113,Black,0.5273327157,-0.2075198986,-0.2301371524,0.915401239,high,5
F114,Black,0.3313791422,-0.3881606282,-0.8089871467,0.2676305914,low,6
F115,Black,0.3015337055,-0.8306070927,-0.8971510448,-1.318965263,low,6
F116,Asian American,-0.003117357408,-0.6951502178,-1.072765531,0.03181140318,low,8